Part,Color,Quantity
60601,40,2
60581,40,2
57783,40,4
92583,40,5
18908,40,1
2447,40,61
64453,40,1
92579,40,1
54200,40,18
30602,40,2
87544,40,2
4176,40,6
87552,40,8
84954,40,1
6267,40,2
60616a,40,2
3823,40,2
3023,40,2
72475,40,1
3024,40,6
3069b,40,3
59900,40,3
3065,40,8
92279,40,1
4865b,40,8
2437,40,3
85080,0,16
3703,0,4
58090,0,8
60849,0,10
6231,0,5
98313,0,3
64782,0,2
3633,0,7
4006,0,10
40925pat0008pr0001,0,1
24496pr0023,0,1
99781,0,13
53451,0,10
32526,0,18
55981,0,11
87761,0,4
6179,0,2
32530,0,3
11476,0,6
604551,0,1
970c00pr0983,0,2
11213,0,2
87414,0,12
2878,0,10
87086,0,2
11954,0,1
93595,0,4
3070b,0,20
2566,0,1
60583b,0,4
973pr0005c01,0,1
3958,0,3
50745,0,6
3622,0,3
44728,0,15
75c14,0,1
57899,0,3
32270,0,56
973pr4544c01,0,1
973pr3205c01,0,4
6266,0,3
24307,0,4
15391,0,2
18977,0,4
30046,0,2
2460,0,2
60219,0,2
4349,0,1
30292,0,2
91988,0,1
60596,0,1
64415c01,0,2
2743,0,4
4522,0,2
973pr2308c01,0,1
52107,0,1
15532,0,1
32013,0,37
13349,0,2
3069b,0,22
3002,0,3
2819,0,1
60897,0,4
15100,0,97
32200,0,1
99930,0,1
57999,0,8
93274,0,3
23443,0,4
2465,0,11
32126,0,4
30103,0,1
2817,0,4
56890,0,16
3626c,0,1
13965,0,2
604550,0,1
6041,0,3
30554b,0,4
10197,0,2
88323,0,212
41334,0,4
2447,0,2
92402,0,18
6541,0,5
48496,0,4
90398,0,2
3184,0,1
15413,0,6
973pr2188c01,0,5
6583,0,15
23444,0,2
15210pr01,0,1
6091,0,6
87620,0,2
15210,0,1
2357,0,2
2569,0,9
3680,0,8
60032,0,10
87609,0,1
3743,0,2
87697,0,103
60592,0,8
973pr4502c01,0,1
32524,0,22
970c00pr0583,0,1
604553,0,1
50944,0,2
61485,0,5
3938,0,2
15379,0,27
973pr2930c01,0,3
3962b,0,2
19220,0,9
10916,0,1
45590,0,14
6628,0,33
87079,0,13
44126,0,4
2515,0,2
49307,0,1
32803,0,1
4733,0,5
14769,0,5
35654,0,1
92842,0,1
50450,0,4
56145,0,14
4332,0,1
32525,0,7
98130,0,1
44301a,0,6
973pr2335c01,0,1
15790,0,5
30553,0,2
3940b,0,1
13269,0,1
4518c,0,1
4510,0,4
3626cpr2490,0,1
2432,0,10
30258pr0001,0,2
41532,0,4
3937,0,5
55806,0,1
30136,0,6
36752a,0,4
52031,0,3
95347,0,1
3707,0,6
14226c31,0,1
2450,0,2
3007,0,1
30043,0,1
973pr3653c01,0,1
15461,0,13
4871,0,1
28679,0,1
2445,0,8
2825,0,1
11477,0,11
298c02,0,2
6019,0,5
3036,0,2
973pr3624c01,0,1
47720,0,4
18654,0,33
3027,0,1
11946,0,3
92692,0,2
92280,0,14
51739,0,4
24299,0,4
44302a,0,4
45677,0,2
11145,0,4
6553,0,5
62462,0,30
2496,0,25
3021,0,31
43723,0,3
55976,0,11
53585,0,2
26047,0,9
4498,0,1
59900,0,7
4599b,0,5
55805,0,2
59443,0,22
4083,0,1
973pr1869c01,0,1
3006,0,1
63965,0,20
93222,0,1
35635,0,2
28326,0,2
30357,0,2
38320,0,40
30350b,0,5
32580,0,8
18674,0,6
47905,0,6
43892,0,2
970c00pr0984,0,1
970c00pr1347,0,1
50950,0,2
64683,0,2
59895,0,34
970c00pr1119,0,1
61678,0,6
3028,0,3
57894,0,3
30414,0,2
3176,0,2
93273,0,5
64567,0,18
3626cpr2285,0,1
85984,0,31
4070,0,9
87994,0,11
56904,0,4
4032a,0,15
11947,0,3
75c07,0,4
4341,0,1
34609pr0003,0,1
41678,0,5
41637,0,2
24201,0,7
4600,0,16
92907,0,1
4740,0,12
32291,0,13
93106,0,1
32828,0,19
18649,0,12
16091,0,2
4495b,0,1
10288,0,4
32054,0,124
2780,0,1410
41765,0,1
32278,0,26
2654,0,22
32034,0,9
970c00pr1447,0,1
15068,0,29
14045,0,2
6134,0,9
60212,0,2
6632,0,32
973pr4745c01,0,1
32063,0,4
2431,0,14
41764,0,1
4345b,0,1
23924,0,2
41239,0,24
15456,0,5
3035,0,1
3666,0,18
3023,0,50
44301b,0,2
33299a,0,19
3738,0,2
6575,0,2
970c00pr1456,0,1
30028,0,14
3062b,0,14
15207,0,6
2730,0,6
64681,0,2
32001,0,2
3624,0,1
3004,0,11
87080,0,2
30565,0,7
3068b,0,10
74698,0,7
3037,0,1
60471,0,3
2815,0,5
2871b,0,4
61409,0,32
63869,0,36
15446,0,1
34609pr0004,0,1
3034,0,9
3040b,0,10
3185,0,5
85861,0,21
970c00,0,17
32016,0,7
973pr3429c01,0,1
44309,0,10
30099,0,2
6187,0,1
32072,0,8
3665,0,14
14719,0,1
32532,0,2
98138,0,31
4081b,0,8
15706,0,2
60484,0,6
98285,0,2
6564,0,3
57520,0,12
11211,0,5
3835,0,2
2653,0,1
98100,0,2
87747,0,7
30236,0,1
50304,0,1
30699,0,4
47456,0,4
49668,0,5
3032,0,8
32271,0,14
64391,0,2
32557,0,2
11209,0,18
43713,0,1
40145,0,1
47455,0,2
92410,0,2
973pr4459c01,0,1
47458,0,2
15403,0,4
4488,0,38
2584,0,1
99206,0,2
87082,0,13
60483,0,23
27149,0,1
18677,0,9
88930,0,1
30237b,0,2
23801,0,2
21557pr0001,0,1
63864,0,9
604549,0,1
87408,0,9
15571,0,1
10201,0,3
2877,0,2
43857,0,12
13731,0,2
50949,0,2
98282,0,2
3878,0,2
92738,0,4
32523,0,38
32449,0,2
2420,0,1
6536,0,57
87087,0,9
3001,0,11
3706,0,23
55978,0,3
2926,0,8
50254,0,8
970c00pr1728,0,1
64799,0,2
64179,0,4
56823c50,0,2
3747b,0,1
2479,0,5
3895,0,2
6636,0,14
20482,0,2
98834,0,1
60478,0,14
6629,0,6
3710,0,29
15310pr0002,0,1
973pr2503c01,0,1
92584,0,2
973pr4512c01,0,1
3957a,0,2
32014,0,4
87081,0,1
3009,0,7
30029,0,2
56891,0,6
4287a,0,4
3024,0,33
2488,0,1
50408,0,2
98138pr0049,0,2
3942c,0,2
87552,0,4
92947,0,1
4528,0,1
3839b,0,6
18938,0,1
99207,0,15
50859b,0,1
10190,0,2
3894,0,2
18892,0,11
973pr2874c01,0,1
3033,0,3
973pr3206c01,0,1
30363,0,5
30169,0,1
2614,0,1
30374,0,8
604548,0,1
32009,0,18
32064a,0,3
28324,0,1
91968c01,0,6
13548,0,2
604615,0,1
18896,0,4
60474,0,17
62810,0,3
3795,0,21
2540,0,10
4865b,0,8
29111,0,3
3829c01,0,5
3020,0,33
973pr4910c01,0,1
604547,0,1
10830pat0001,0,2
43722,0,1
60481,0,4
604552,0,1
6157,0,11
2508,0,7
3460,0,20
2397,0,1
32000,0,13
11215,0,3
4735,0,2
3957b,0,4
47994,0,1
2441,0,1
11090,0,6
54200,0,23
11437,0,1
6233,0,3
3626cpr2756,0,1
3030,0,2
32028,0,12
18980,0,2
99780,0,16
47755,0,2
36762,0,2
57519,0,6
50407,0,4
30377,0,3
3005,0,20
4865a,0,1
21445,0,8
13547,0,2
57895,0,2
3822,0,1
43719,0,5
42022,0,10
4282,0,4
98128,0,4
87618,0,4
3821,0,1
92582,0,1
15458,0,2
3003,0,13
59363,0,1
75937,0,1
41677,0,13
22385,0,1
4460b,0,2
3709,0,6
32348,0,6
86500,0,1
18976,0,4
3701,0,4
48729b,0,12
973pr0811c01,0,1
15573,0,16
32184,0,5
28168pr0001,0,1
59230,0,7
11478,0,10
30089b,0,3
90194,0,2
92088,0,1
32316,0,37
3941,0,3
92946,0,2
57878,0,20
30133,0,2
32967,0,1
15672,0,6
32065,0,3
44567a,0,2
32015,0,5
23405,0,1
58247,0,6
3700,0,11
2412b,0,41
6141,0,40
3029,0,2
32498,0,6
26603pr0003,0,1
32039,0,7
92259,0,1
41879a,0,10
32293,0,10
4175,0,3
99010,0,3
92593,0,3
3022,0,39
46667,0,4
48336,0,18
99773,0,10
970c00pr0408,0,7
41770,0,7
4497,0,1
4477,0,8
3794b,0,1
75c09,0,2
4595,0,6
44771,0,4
92099,0,1
64393,0,2
89201,0,8
3623,0,23
970c00pr0941,0,1
50305,0,1
6131,0,3
42003,0,6
3010,0,9
12885,0,2
973pr3154c01,0,1
2421,0,5
973pr9924c01,0,1
50861,0,12
18575,0,12
41769,0,7
60479,0,2
63868,0,15
64644,0,6
3708,0,4
25214,0,12
6112,0,2
18944,0,3
3008,0,2
60477,0,8
2446,0,10
53550,0,1
973pr4213c01,0,1
53992,0,2
32474,0,2
973pr4154c01,0,1
54271,0,1
3660,0,8
64450,0,5
32056,0,12
32140,0,29
60593,0,4
87574,0,1
11253,0,10
24504,0,2
4208,0,2
43898,0,9
4085c,0,1
61252,0,17
3031,0,10
88072,0,7
92409,0,16
6565,0,3
87580,0,2
50951,0,15
10247,0,12
22889,0,2
3705,0,53
92081,0,1
3849,0,1
15619,0,2
11153,0,6
6190,0,2
22411,0,2
61254,0,11
18895,0,1
2723,0,23
2340,0,2
26604,0,2
40490,0,23
27151,0,3
55982,0,1
63082,0,6
604614,0,1
18651,0,48
3039pr0015,0,1
15712,0,11
60470b,0,19
32005a,0,8
6111,0,1
62113,0,6
32062,0,22
15712,1,4
3660,1,2
4286,1,1
30414,1,4
4032a,1,4
43722,1,2
11303,1,5
87620,1,6
11476,1,2
973pr1160c01,1,1
52031,1,1
43723,1,2
6205,1,2
3821,1,2
41879a,1,1
32140,1,10
3747b,1,4
4495b,1,1
3032,1,7
3062b,1,3
4079b,1,2
3068b,1,11
3040b,1,3
3829c01,1,12
3021,1,19
50745,1,8
3022,1,10
47457,1,2
54384,1,1
22888,1,2
15068,1,3
41677,1,6
3069b,1,5
93273,1,6
87087,1,8
3937,1,1
44728,1,2
3001,1,9
3002,1,2
6231,1,4
6179,1,2
15672,1,2
15573,1,4
6558,1,573
30165,1,2
3035,1,2
92339,1,3
35185,1,1
3029,1,1
6629,1,4
4070,1,2
3007,1,1
6636,1,8
3068bpr0263,1,1
87580,1,2
2431,1,5
88930,1,7
57520,1,4
34103,1,4
17454,1,1
11291,1,2
54200,1,2
3036,1,3
973pr2501c01,1,2
41769,1,2
87552,1,2
3034,1,3
3070b,1,7
63864,1,4
2432,1,3
18944,1,1
3700,1,1
60897,1,2
2446,1,2
3666,1,17
3622,1,4
3037,1,2
2456,1,3
2540,1,1
3680,1,2
32524,1,4
3460,1,2
4477,1,6
30503,1,2
298c02,1,5
2420,1,4
3023,1,39
3795,1,5
54383,1,1
3039,1,2
32124,1,1
92950,1,1
3031,1,8
3176,1,1
85984,1,2
3623,1,4
3010,1,9
2654,1,2
60594,1,1
32028,1,1
4865b,1,3
4274,1,158
6632,1,3
4162,1,6
3020,1,17
11477,1,8
30000,1,2
43093,1,270
3009,1,4
4182,1,1
4865a,1,2
4181,1,1
60475b,1,4
973pr1470c01,1,2
52501,1,2
18674,1,2
6141,1,16
3710,1,22
11215,1,1
44567a,1,1
3024,1,13
87079,1,2
11947,1,1
3004,1,2
49668,1,1
30565,1,5
3822,1,2
30363,1,2
970c00,1,6
24116,1,8
32009,1,4
11946,1,1
3005,1,8
86035,1,4
3665,1,2
41770,1,2
2412b,1,4
3941,1,11
18980,1,1
48336,1,1
3001,2,3
3021,2,3
6541,2,2
3710,2,6
87079,2,3
11153,2,6
4286,2,14
3795,2,6
19119,2,3
41770,2,3
970x021,2,2
30357,2,4
3023,2,21
4070,2,12
24866,2,10
6141,2,21
3069bpr0100,2,13
3741,2,4
3941,2,1
3460,2,2
3002,2,1
3623,2,8
43722,2,1
63864,2,2
973pr4178c01,2,1
98835,2,1
43723,2,1
4070a,2,2
85984,2,2
970c00pr1722,2,1
59900,2,3
52031,2,2
973pr1617c01,2,2
41769,2,3
970c00,2,1
30126,2,2
3068b,2,2
11211,2,2
4740,2,4
2420,2,3
973pr4214c01,2,1
11303,2,1
24504,2,2
64727,2,4
2423,2,6
970c00pr1465,2,1
24496pr0022,2,1
2435,2,2
2431,2,4
3039pr0019,2,1
6111,2,2
30176,2,10
88072,2,3
87580,2,1
3062b,2,1
4032a,2,15
43712,2,1
3022,2,7
30504,2,1
973pr4773c01,2,1
3024,2,6
3034,2,1
92926,2,3
32064a,2,6
41539,2,1
3009,2,3
3010,2,7
93273,2,2
54200,2,25
3004,2,5
30340,2,1
3821,2,1
3660,2,6
10884,2,1
3665,2,2
3245c,2,2
3832,2,1
2417,2,2
3031,2,3
32028,2,4
11293,2,1
970c00pr9921,2,1
15068,2,6
3069b,2,5
3003,2,8
973pr2875c01,2,1
3020,2,7
48336,2,1
73983,2,1
3032,2,3
99780,2,4
6148,2,2
3040b,2,18
6177,2,4
4865b,2,4
4865a,2,4
3822,2,1
4495b,2,1
3666,2,14
11477,2,2
3070b,2,3
973pr4901c01,2,1
60470b,2,3
3680,4,1
2357,4,6
33078,4,6
18946,4,6
3008,4,4
92585,4,5
4719,4,1
26287,4,2
13547,4,4
2817,4,1
4865a,4,10
3460,4,4
11303,4,7
6179,4,3
63864,4,15
4510,4,2
33299b,4,13
6091,4,16
298c02,4,10
33051,4,1
3007,4,1
30165,4,1
87081,4,1
15573,4,12
99207,4,6
60474,4,2
30133,4,4
93593,4,4
88930,4,4
35836pr0003,4,1
53451,4,2
32278,4,23
2454a,4,1
52501,4,4
32316,4,1
30387,4,2
15207,4,4
11478,4,1
11476,4,4
30367c,4,1
970c00,4,3
87552,4,5
44809,4,9
32524,4,14
973pr1485c01,4,2
63868,4,6
3009,4,18
93590,4,1
6628,4,2
3737,4,7
4345b,4,3
973pr4508c01,4,1
93606,4,2
4733,4,1
970c00pr1725,4,1
32009,4,1
15535,4,2
4081b,4,2
72454,4,1
3004,4,60
6629,4,2
30414,4,8
32001,4,1
3829c01,4,14
47905,4,1
2419,4,1
32016,4,3
3024,4,18
92947,4,2
60596,4,8
15396,4,1
14769,4,3
18677,4,6
93274,4,1
973pr1446c01,4,1
18674,4,3
6239,4,1
47456,4,1
3245c,4,3
10201,4,3
3660,4,26
973pr1868c23,4,1
6231,4,6
3795,4,14
44301a,4,2
11214,4,66
92410,4,4
4349,4,9
3794b,4,2
3010,4,27
2412b,4,9
87609,4,5
2654,4,3
50304,4,1
21459,4,7
43713,4,1
3062b,4,7
13731,4,4
30365,4,4
3659,4,1
3068b,4,17
90194,4,5
3942c,4,1
44676,4,2
24201,4,2
87617,4,4
973pr3773c01,4,1
3005,4,32
24119,4,4
25214,4,6
60484,4,10
87079pr0119,4,1
32523,4,3
3709,4,2
24496pr0008,4,1
11477,4,28
32200,4,2
3022,4,22
3894,4,3
43857,4,12
60478,4,3
6154,4,2
54200,4,26
99206,4,2
973pr3901c01,4,2
2420,4,14
32348,4,4
95343,4,1
15038,4,4
3937,4,4
43719,4,3
98282,4,2
54821,4,3
18945,4,4
2921,4,2
93587pr0009,4,1
32192,4,8
30174,4,2
93591pr0021,4,1
16178pr01,4,1
30925pr0003,4,1
3031,4,1
973pr4741c01,4,1
3039,4,12
3666,4,12
3001,4,10
2454b,4,13
4346,4,2
2495,4,7
4032a,4,14
40925pat0001pr0001,4,1
11640,4,1
973pr1914c01,4,1
32526,4,34
60594,4,1
3713,4,129
61409,4,2
3822,4,4
14716,4,5
22667,4,4
11211,4,10
27385,4,2
87082,4,11
87086,4,2
42003,4,48
18940,4,2
41669,4,8
43888,4,2
50305,4,1
3665,4,12
3707,4,1
32013,4,8
3034,4,4
14520,4,5
6641,4,2
973pr4515c01,4,1
2540,4,6
41677,4,2
3941,4,9
3070b,4,22
970c00pr0806,4,1
11954,4,12
30329pr2169,4,1
85984,4,16
3045,4,4
3622,4,1
62462,4,7
2446,4,7
99780,4,6
64394,4,1
2431,4,12
60470b,4,2
15458,4,2
32064a,4,10
11291,4,3
30837,4,1
973c02,4,1
60208,4,3
50862,4,2
60481,4,2
47457,4,4
22885,4,9
3021,4,21
85544,4,2
45677,4,1
24504,4,2
92593,4,2
44674,4,2
32054,4,67
4286,4,2
3020,4,22
3023,4,67
32525,4,16
73983,4,1
3623,4,14
4209b,4,2
41854,4,2
50950,4,8
42531,4,2
3821,4,4
2637,4,4
6636,4,16
3037,4,4
60479,4,6
15672,4,12
87080,4,2
11055,4,1
64453,4,1
24866,4,18
3706,4,1
41678,4,9
59900,4,3
4599b,4,4
6190,4,1
59443,4,65
3040b,4,17
6541,4,7
98568p02,4,6
86035,4,1
3032,4,1
3701,4,16
2465,4,5
64680,4,1
40925pat0001,4,1
18895pr0001,4,2
87580,4,10
970c00pr1604,4,1
85861,4,2
47407,4,1
49307,4,2
3833,4,4
30237b,4,7
32034,4,6
4070,4,5
64782,4,5
33291,4,20
32140,4,14
18899pr0001,4,2
50745,4,4
4477,4,7
30099,4,2
29111,4,1
12825,4,2
26007,4,1
98835,4,1
87087,4,8
11153,4,7
88072,4,7
60592,4,2
3002,4,4
4079b,4,5
60897,4,19
3710,4,55
970c00pr1249,4,1
3832,4,2
32291,4,2
51739,4,2
87079pr0120,4,1
15712,4,7
92280,4,18
32014,4,1
60475b,4,6
6153b,4,1
87079,4,12
25269,4,6
30145,4,16
3705,4,23
3069b,4,14
6112,4,2
3176,4,4
60212,4,4
3700,4,2
52031,4,3
6536,4,33
6111,4,4
26601,4,3
14718,4,1
22961,4,5
11947,4,8
3899,4,12
32028,4,8
6141,4,32
973pr1356c01,4,2
98281,4,1
3003,4,8
50373,4,2
42023,4,2
48336,4,7
6215,4,1
48729b,4,5
32184,4,20
93273,4,3
4495b,4,1
2432,4,4
3006,4,1
98129,4,2
32062,4,156
59349,4,4
32530,4,4
15068,4,2
11946,4,8
4871,4,1
15068pr0006,4,3
28326,4,3
973pr1976c01,4,3
32474,4,1
3003,5,2
3710,5,2
6091,5,6
32606,5,2
3023,5,1
60474,5,1
93094pat0001,5,1
4495b,5,1
33291,5,4
87994,10,5
91405,10,1
92438,10,3
24866,10,2
3031,10,2
973pr1772c01,10,1
33291,10,32
33183,10,4
32607,10,20
33051,10,1
98281,14,1
88072,14,2
3068b,14,2
2456,14,1
3626bpr0754a,14,3
30367c,14,4
3626cpr0645,14,1
59443,14,26
3626cpr1581,14,1
32523,14,4
3245c,14,4
6583,14,5
3829c01,14,5
10201,14,2
41770,14,1
3626cpr0498,14,2
2357,14,4
3626cpr1580,14,11
21709,14,1
3626cpr1786,14,1
97895,14,8
6141,14,22
3626cpr2140,14,1
30386,14,2
3622,14,6
3001,14,1
41239,14,1
3626cpr2614,14,1
4070,14,5
76537,14,4
93273,14,2
87079,14,4
4079b,14,8
52107,14,1
23922,14,3
11609,14,2
30340,14,3
3665,14,6
3626cpr2222,14,1
43723,14,2
2412b,14,13
32073,14,12
64799,14,1
30414,14,9
4599b,14,24
32028,14,5
3626cpr0889,14,1
63864,14,6
2877,14,3
44567a,14,2
3626cpr9957,14,1
73983,14,1
26601,14,3
4740,14,1
33464pr0001,14,1
62810,14,1
3626cpr0649,14,1
4162,14,4
3626cpr1666,14,2
15573,14,2
3626cpr2109,14,2
61252,14,5
3626cpr0389,14,2
10314,14,2
50745,14,6
14769pr0011,14,1
3010,14,2
32184,14,1
51739,14,1
40490,14,4
44674,14,2
3002,14,4
57519,14,2
3626cpr2238,14,1
3626cpr1662,14,1
6536,14,4
15068,14,3
3838,14,9
11477,14,3
3626cpr1635,14,2
3070b,14,8
3021,14,11
30385,14,1
3626cpr1162,14,1
44661,14,2
4495b,14,1
2432,14,13
3626cpr9975,14,3
3626cpr2139,14,1
30387,14,1
3626cpr0677,14,2
4346,14,4
32278,14,4
3626cpr1087,14,1
2436,14,2
3035,14,1
3821,14,1
3626cpr0893,14,10
60479,14,2
3666,14,4
32063,14,2
3040b,14,2
3626cpr2088a,14,3
2866,14,4
2431,14,5
3626cpr0411,14,1
3176,14,3
4081b,14,5
23948,14,7
60581,14,1
4519,14,98
3623,14,6
4345b,14,4
4176,14,1
2853,14,8
3822,14,1
4477,14,4
3626cpr1826,14,3
3024,14,7
99781,14,1
3626cpr2590,14,1
3626cpr2936,14,1
3626cpr1086,14,1
3795,14,6
3626cpr0386,14,2
60475b,14,2
3626cpr9888,14,2
32014,14,2
3004,14,28
3626cpr1849,14,1
25214,14,6
59900,14,9
60478,14,4
44728,14,5
3005,14,16
54568,14,3
64683,14,1
14181,14,2
2516,14,1
6180,14,2
32525,14,6
3460,14,6
3626cpr1738,14,1
3626cpr0933,14,1
3626cpr1665,14,1
3660,14,5
4032a,14,7
32123b,14,138
30374,14,3
32013,14,8
63868,14,8
32056,14,12
3626cpr1638,14,2
3941,14,5
3009,14,9
85984,14,7
98835,14,1
6636,14,10
41769,14,1
2540,14,4
22886,14,2
3899,14,6
91176,14,5
14520,14,2
3747b,14,2
32064a,14,6
3039,14,1
3626cpr1578,14,3
6541,14,7
42003,14,17
32316,14,4
3062b,14,25
44302a,14,3
43722,14,2
3626cpr0891,14,7
3626cpr2526,14,1
3626cpr0001,14,1
3020,14,10
32039,14,7
4025,14,5
32140,14,4
3626cpr1760,14,1
33320,14,2
3626cpr1966,14,1
87087,14,4
3626cpr1350,14,1
6187,14,4
44294,14,27
3710,14,14
60897,14,3
3298,14,2
3626cpr2113,14,3
6239,14,1
60212,14,2
33085,14,1
4083,14,1
15207,14,2
3626cpr0920,14,3
26603,14,2
3031,14,3
6112,14,4
3626cpr2527,14,1
2449,14,4
43898,14,2
62462,14,3
3626cpr0914,14,4
6632,14,6
3068bpr0398,14,1
3626bpr0389,14,6
41669,14,10
32271,14,9
2420,14,6
42529,14,2
3626cpr1144,14,1
3003,14,4
3626cpr1963,14,1
3022,14,17
3626cpr1147,14,3
50950,14,3
43857,14,3
11153,14,2
87580,14,5
92280,14,2
4070a,14,4
3626cpr0754,14,1
3700,14,1
3023,14,30
3626cpr0929,14,2
32449,14,10
3069b,14,12
2851,14,16
54200,14,26
2486,14,2
3070bpr0163,14,2
52501,14,2
32526,14,6
32348,14,2
3626cpr1395a,14,1
3626cpr2255,14,1
60484,14,3
3626cpr1967,14,1
3626cpr1579,14,3
3626cpr1091,14,2
48336,14,2
88930,14,2
72454,14,1
23421,14,2
3626cpr1988,14,2
3626cpr1664,14,7
3626cpr2258,14,2
3832,14,7
64391,14,1
298c02,14,2
3626cpr1146,14,3
3626cpr1663,14,3
973pr1479c01,15,1
11399,15,2
44674,15,5
98347,15,4
970c00,15,10
18948,15,10
3068bpr0201,15,1
60032,15,3
3039pr0013,15,1
98100,15,3
85543,15,3
973pr1196c01,15,1
14716,15,15
52107,15,1
93223,15,4
25269,15,3
98282,15,8
3626c,15,4
13547,15,2
2877,15,10
3024,15,47
92817c00pr0122,15,1
59900,15,11
6112,15,2
13459,15,2
90397,15,1
60208,15,1
2446pr0016,15,1
973pr2502c01,15,2
61800,15,3
93060pr0006,15,1
32235,15,3
3626cpr2706,15,1
6260,15,1
6141,15,47
3666,15,29
3004,15,58
11055,15,6
3703,15,5
3035,15,2
95658,15,2
15100,15,31
973pr3630c01,15,1
60478,15,7
3742,15,4
2454a,15,8
973pr3165c01,15,1
6239,15,1
4081b,15,10
3659,15,2
87614,15,1
60596,15,9
15458,15,2
10201,15,2
973pr1443c01,15,1
30362,15,2
15068,15,11
3030,15,2
298c02,15,2
3822,15,4
29119,15,1
18759,15,2
3665,15,20
3464,15,4
75937,15,2
53451,15,6
4476b,15,2
43719,15,2
62462,15,11
2357,15,3
3008,15,19
11090,15,6
64391,15,7
3622,15,5
30236,15,3
18654,15,4
32013,15,13
3070b,15,24
32014,15,4
4286,15,9
36933pr0002,15,1
3001pr1005,15,2
45677,15,2
3005,15,36
32184,15,5
93274,15,2
973pr2999c01,15,1
54384,15,1
93061,15,7
41677,15,1
15118,15,1
21008pr0001,15,1
3899,15,1
16606pat0001,15,2
11946,15,9
24073,15,1
26871pr0001,15,1
48336,15,8
973pr3240c01,15,2
64683,15,7
3702,15,2
3460,15,18
3033,15,1
40379,15,3
3626cpr9924,15,1
3831,15,2
61252,15,5
3937,15,1
3068b,15,9
2423,15,4
60897,15,15
2453b,15,10
6003,15,1
92099,15,2
15207,15,3
61345,15,2
3010,15,29
30361pr1001,15,1
47398,15,1
60479,15,6
6179,15,3
85080,15,2
88930,15,12
60115,15,1
30370pr0210,15,1
73983,15,4
30367c,15,3
6536,15,22
32064a,15,3
28884,15,1
93160,15,3
60470b,15,12
23986,15,1
3039,15,10
6254,15,5
6014b,15,2
18674,15,16
92691,15,1
973pr3782c01,15,1
3040b,15,5
2540,15,1
15672,15,8
60474,15,3
26910,15,1
4865b,15,7
973pr3490c01,15,2
3626cpr0895,15,1
973pr3403c01,15,1
3830,15,2
43693pr0001,15,1
6265,15,3
42861pr0002a,15,1
95678pr0006,15,1
64680,15,1
30374,15,4
13731,15,4
93609,15,3
3710,15,54
32525,15,25
60594,15,5
95650,15,1
93088pr0003,15,1
30414,15,5
4510,15,1
10164pr0001,15,3
43722,15,2
15395,15,2
30541,15,4
72454,15,1
973pr2249c01,15,1
50860,15,1
87086,15,1
63965,15,1
6541,15,4
28581pr0219,15,1
98560,15,2
4533,15,2
4219,15,2
4346,15,2
92584,15,2
14769pr0001,15,2
3958,15,2
4083,15,4
4032a,15,14
90981,15,1
64392,15,5
6632,15,12
93606,15,1
48092,15,1
973pr3370c01,15,1
4623,15,2
11208,15,4
22888,15,1
18895pr0003,15,1
93140,15,2
11947,15,9
3028,15,1
3834,15,7
13564,15,3
22889,15,2
90194,15,2
3069b,15,25
43898,15,4
3795,15,30
92586pr0003,15,1
11299,15,1
30237b,15,1
43723,15,2
32523pr0001,15,3
3747b,15,2
3002,15,13
92950,15,6
3062b,15,7
32140,15,13
30370pr0011,15,1
47905,15,3
40490,15,9
3039pr0005,15,3
32580,15,2
3941,15,25
973pr3211c01,15,1
60583b,15,2
6231,15,2
98138pr0008,15,3
58381,15,2
26047,15,2
87079,15,9
61182,15,1
24246,15,2
26912,15,1
3943b,15,2
43693pr0002,15,1
32063,15,1
41765,15,1
11477,15,18
32000,15,2
4865a,15,2
973pr3750c01,15,2
59349,15,7
15397,15,2
6232,15,4
3069bpr0206,15,2
64682,15,5
973pr1573c01,15,1
50950,15,2
30363,15,2
6091,15,14
32316,15,2
3821,15,4
57779,15,2
44301a,15,4
92710,15,1
973pr4775c01,15,1
2432,15,5
3031,15,4
15573,15,8
17485,15,5
92084pr0003,15,2
30565,15,2
3001,15,16
11215,15,1
87580,15,6
3009,15,21
973pr3241c01,15,1
2445,15,2
2420,15,9
19000,15,1
30145,15,6
2431,15,26
3022,15,25
4079b,15,1
3068bpr0255,15,2
3007,15,2
3700,15,16
3829c01,15,3
32278,15,8
30586,15,6
29120,15,1
74967,15,4
3660,15,17
98138pr0027,15,6
970c00pr0985,15,3
16178pr01,15,1
26603,15,2
18653,15,2
970c00pr1723,15,1
4345b,15,1
43857,15,2
63868,15,13
3020,15,28
87087,15,10
64681,15,4
60471,15,5
32015,15,2
85861,15,10
3832,15,1
3245c,15,11
63864,15,11
32124,15,4
87081,15,9
60593,15,3
60475a,15,5
3068bpr0282,15,2
4477,15,10
3038,15,4
973pr2083c01,15,1
89522,15,6
92593,15,6
62531,15,1
4162,15,11
973pr2767c01,15,1
973pr3083c01,15,1
87544,15,6
3029,15,2
4282,15,2
32524,15,12
3942c,15,2
87613,15,1
15208,15,7
3623,15,22
14181,15,5
44676,15,2
2460,15,1
2456,15,1
93273,15,9
87747,15,3
3794b,15,5
3738,15,2
30383,15,2
15068pr0007,15,3
6636,15,16
90398,15,2
20482,15,4
4490,15,1
32028,15,11
87079pr0188,15,1
42863,15,1
32526,15,11
87609,15,5
2446,15,13
3898,15,2
3678b,15,1
55982,15,2
24116,15,2
4871,15,2
60483,15,2
50305,15,1
18976,15,2
18910,15,6
973pr2992c01,15,2
99781,15,11
973pr3209c01,15,1
47753pr0009,15,1
60601,15,8
30924,15,2
85941,15,12
72156,15,1
3960,15,4
3037,15,4
51739,15,3
37762,15,5
60581,15,8
30375,15,1
30357,15,2
3021,15,20
3003,15,9
99455,15,1
60623,15,1
43713,15,1
44570,15,4
6266,15,10
970c00pr0954,15,1
2412b,15,26
60475b,15,6
4740,15,5
47755,15,3
15712,15,11
57894,15,6
11211,15,19
61070,15,1
3068bpr0138,15,1
3069bpr0030,15,7
32523,15,23
3069bpr0055,15,2
92280,15,15
98281,15,3
3069bpr0099,15,6
970x026pr0719,15,1
30171,15,1
93604,15,2
973cpr3628,15,1
54383,15,1
3839b,15,1
3045,15,2
85984,15,30
18907pr0001,15,1
26913,15,1
11212,15,4
41239,15,12
973pr3659c02,15,1
44728,15,5
3037pr0007,15,2
4536,15,2
30540,15,4
41764,15,1
3023,15,100
92582,15,1
14719,15,13
52031,15,7
98138pr0037,15,10
6233,15,3
64567,15,6
6256,15,1
49668,15,2
3176,15,5
64394,15,1
4070,15,3
30553,15,1
44375b,15,2
41669,15,4
60481,15,2
87754,15,2
6005,15,2
2431pr0140,15,2
6259,15,1
98834,15,2
3034,15,11
11476,15,1
6215,15,1
24309,15,1
50304,15,1
43888,15,3
33909,15,3
58247,15,1
3633,15,2
92279,15,2
50745,15,18
41770,15,8
3069bpr0145b,15,1
3957b,15,3
2654,15,9
30165,15,1
2465,15,1
10247,15,1
87552,15,4
13965,15,6
973pr3655c01,15,1
98138pr0026,15,3
60477,15,2
3680,15,3
99780,15,7
54200,15,36
6183,15,2
57895,15,3
11055pr02,15,1
14769,15,7
3068bpr0137,15,2
87079pr9995,15,1
20904pr0001,15,1
87080,15,1
60800a,15,2
3032,15,3
41769,15,7
95646c01,15,1
88072,15,1
3833,15,5
92410,15,3
3900,15,3
93060pr0007,15,1
30503,15,4
973c09,15,1
60599,15,8
64393,15,4
2449,15,8
58380,15,2
61071,15,1
95648,15,1
47397,15,1
6583,15,1
6111,15,2
2453a,15,1
4460b,15,1
61409,15,4
3894,15,1
2340,15,2
99206,15,5
88292,15,3
14718,15,8
32271,15,8
24866,15,2
98138,15,7
973pr4468c01,15,1
3749,19,30
3003,19,10
60583b,19,2
30376,19,2
30562,19,4
3069b,19,7
91405,19,1
35464,19,13
87087,19,5
973pr4765c01,19,1
3665,19,14
22388,19,10
60596,19,3
20310,19,6
87421,19,1
87991,19,1
3008,19,6
3659,19,4
3666,19,2
93563,19,1
3062b,19,11
60897,19,5
92438,19,7
15068,19,6
87580,19,8
3660,19,10
3710,19,19
973pr4023c01,19,2
26603pr0026,19,1
18575,19,8
54200,19,12
3022,19,11
6589,19,28
3009,19,8
970c00,19,3
47905,19,2
26603,19,2
2453b,19,4
32000,19,4
4865b,19,4
15070,19,2
24482,19,12
32002,19,20
17485,19,2
3036,19,1
59900,19,2
2357,19,22
11476,19,2
6112,19,11
25269pr03,19,2
3040b,19,6
15573,19,3
4282,19,1
32198,19,5
2465,19,2
87552,19,1
2431,19,12
4070,19,13
4286,19,1
3021,19,10
49668,19,2
2420,19,6
6636,19,14
3006,19,1
43888,19,1
3005,19,36
3622,19,12
18654,19,5
59349,19,2
30414,19,1
93059,19,1
6231,19,4
2454a,19,17
3024,19,14
3020,19,3
30378,19,2
4032a,19,2
2854,19,7
4079b,19,1
13965,19,13
2654,19,3
3010,19,29
3245c,19,6
60481,19,2
61252,19,1
3068bpr0219b,19,1
3069bpr0271,19,2
4490,19,6
26604,19,8
59230,19,4
44728,19,5
11477,19,2
30375,19,2
35480,19,2
87620,19,2
3035,19,4
60032,19,1
970c00pr1733,19,1
3039,19,12
91988,19,1
6141,19,11
98138pr0050,19,6
87079,19,3
30377,19,4
3023,19,9
14769pr1070,19,1
973pr3863c01,19,1
11610,19,4
3069bpr0238,19,1
41879a,19,2
3068b,19,4
11211,19,15
2454b,19,4
18759,19,7
14769,19,2
11203,19,1
3004,19,21
2540,19,1
3747b,19,1
3031,19,5
32556,19,45
3001,19,4
3700,19,1
3176,19,1
2450,19,3
99008,19,26
3030,19,2
30044,19,1
3795,19,3
3070b,19,5
3941,19,1
3032,19,2
6232,19,5
3623,19,6
2877,19,16
4081b,19,1
18838,19,1
3832,19,2
3034,19,2
3040b,25,4
87615,25,1
3004,25,14
29120,25,1
32524,25,2
973pr2885c01,25,2
24375,25,40
970x194pr0581,25,1
15573,25,6
6239,25,2
6141,25,2
29119,25,1
52501,25,2
30086,25,1
99781,25,8
93606,25,1
973pr0990c01,25,1
973pr2913c01,25,2
44728,25,1
41854,25,1
10190,25,3
88930,25,3
973pr3693,25,1
96874,25,10
43722,25,1
33172,25,1
3010,25,2
86035,25,2
3795,25,6
32523,25,5
3710,25,10
3070b,25,5
3660,25,2
98138,25,29
2420,25,2
3039,25,6
87544,25,2
2431,25,10
60483,25,8
3024,25,2
15068,25,3
3069b,25,11
40490,25,2
99207,25,2
32348,25,4
61252,25,4
3298,25,3
61409,25,2
970c00,25,3
98282,25,4
17485,25,4
3021,25,2
2412b,25,4
15535,25,12
87613,25,1
3022,25,11
973pr2998c01,25,5
15068pr0140,25,1
3747b,25,1
3068b,25,4
973pr2351c01,25,1
32034,25,2
3942c,25,3
3009,25,2
11253,25,2
3023,25,25
64648,25,2
24866,25,2
28326,25,2
85984,25,2
99780,25,2
25376,25,3
11100,25,2
15706,25,8
973pr3210,25,1
2540,25,3
3666,25,4
15207,25,2
3622,25,4
6536,25,2
60581,25,5
3002,25,3
43723,25,1
59900,25,6
35836pr0002,25,1
970x199,25,1
63864,25,2
3020,25,9
30237b,25,2
28192,25,2
60897,25,2
3005,25,9
54200,25,3
3023,26,17
6636,26,8
3024,26,8
3004,26,2
88930,26,3
11618,26,1
11476,26,3
3020,26,6
15677,26,1
2420,26,4
2431,26,10
3070b,26,2
4515,26,1
11477,26,4
33009,26,1
22667,26,1
59900,26,2
30357,26,1
15395,26,1
87580,26,8
87079,26,3
24201,26,10
3460,26,3
32530,26,4
3795,26,5
3623,26,5
3069b,26,9
3666,26,6
3010,26,2
4477,26,1
15573,26,1
3710,26,10
33291,26,13
21008pr0002,26,1
10314,26,1
4094b,27,2
4733,27,1
41767,27,2
42511,27,1
90397,27,1
3039,27,1
3068b,27,4
93606,27,1
43722,27,1
50950,27,2
44674,27,3
11153,27,4
61409,27,2
18746,27,1
3024,27,3
3040b,27,6
4523,27,1
98288,27,1
11477,27,2
14769,27,3
3622,27,2
98138,27,2
3020,27,2
4740,27,2
99780,27,1
47457,27,1
3710,27,9
15068pr0009,27,2
4286,27,4
2431,27,6
3700,27,2
3666,27,4
973pr0190c01,27,1
85984,27,3
3001,27,5
52031,27,1
3010,27,2
6091,27,2
2423,27,3
43723,27,1
6003,27,2
41768,27,2
15068,27,4
32059,27,1
3022,27,5
3031,27,1
30115,27,1
3003,27,3
6153b,27,1
93273,27,2
3069b,27,4
50860,27,1
43719,27,1
6141,27,23
87580,27,4
86035,27,1
3004,27,3
3023,27,13
4287a,27,2
15573,27,2
11211,27,1
3795,27,14
3023,33,6
6141,33,11
3062b,33,2
30602,33,2
3005,33,1
2431,33,2
59900,33,5
54200,33,18
3065,33,4
30153,33,2
2654,33,1
30385,33,3
3069b,33,18
58176,33,8
98138,33,47
59900,34,5
3070b,34,4
54200,34,13
3024,34,9
6141,34,23
98138,34,8
3062b,34,4
30153,34,3
30153,35,3
30385,35,2
6141,35,6
3626c,35,1
3065,35,6
30153,36,6
30602,36,2
58176,36,9
2447,36,2
6141,36,71
3960pr0025,36,1
3065,36,1
3024,36,14
3070b,36,10
59900,36,2
3069b,36,15
98138,36,51
41669,36,4
54200,36,23
3023,36,24
30385,36,1
3062b,36,4
85959pat0003,36,3
3065,45,2
3005,45,6
15745,45,1
18854,45,1
6141,45,3
98138,45,3
30153,46,7
54200,46,21
3070b,46,3
3062b,46,2
2654,46,1
6141,46,37
3065,46,2
59900,46,4
98138,46,75
3023,46,8
3024,46,10
3069b,46,9
23969,47,3
57895,47,8
60603,47,1
87544,47,2
6141,47,49
2343,47,2
30602,47,2
92474,47,1
2447,47,4
3626c,47,1
4740,47,1
24314,47,2
60602,47,7
98138,47,57
3005,47,9
3899,47,2
28876,47,1
87552,47,7
3069b,47,4
92851,47,4
59349,47,3
43898,47,1
2654,47,8
3023,47,16
20482,47,3
3024,47,21
54200,47,85
3039,47,4
4346,47,1
3062b,47,5
4865b,47,9
3065,47,29
95228,47,1
87752,47,1
3957a,47,1
11833,47,1
6070,47,1
60616a,47,3
30153,47,4
61252,71,5
92693,71,1
3009,71,6
3700,71,7
2850b,71,16
30031,71,2
98138,71,43
32526,71,23
75c14,71,2
2653,71,2
93593,71,2
4162,71,16
99773,71,2
26287,71,20
87580,71,14
22961,71,20
21445,71,2
3963,71,2
3035,71,1
30000,71,2
2412b,71,81
6177,71,1
43723,71,3
63082,71,2
87087,71,10
3832,71,11
2655,71,15
4346,71,4
4217,71,6
3622,71,11
41539,71,2
98100pr0005,71,1
28974,71,2
22885,71,17
4623,71,1
92589,71,6
2819,71,3
25269,71,2
30363,71,1
58122,71,1
60483,71,15
3957b,71,8
4460b,71,2
30236,71,2
41770,71,1
60616b,71,1
14769,71,3
6087,71,2
15459,71,1
64178,71,17
6541,71,6
47905,71,3
42610,71,45
4599b,71,16
6565,71,1
30162,71,1
18649,71,9
11833,71,1
11208,71,22
32018,71,2
32014,71,2
95343,71,1
32001,71,5
32905,71,4
60474,71,8
3747b,71,5
18939,71,1
30377,71,2
973pr3451c01,71,1
11476,71,8
3006,71,3
32523,71,6
3710,71,24
90194,71,2
15672,71,2
32278,71,26
4032a,71,6
2453b,71,2
4624,71,33
2431,71,24
30157,71,5
87407,71,1
30374,71,9
3040b,71,7
92280,71,18
59900,71,11
30043,71,1
21269,71,1
60897,71,15
4488,71,13
2445,71,14
44302a,71,4
61409,71,4
2817,71,2
2877,71,20
32056,71,4
60470a,71,1
51739,71,15
14719,71,7
60471,71,1
91988,71,6
30355,71,1
25214,71,6
3037,71,6
61903,71,3
85861,71,28
2569,71,2
26603,71,3
60484,71,2
18674,71,2
15068,71,24
3069bpr0101,71,2
52107,71,11
32013,71,8
11213,71,9
3062b,71,28
3034,71,3
28192,71,2
973pr4909c01,71,1
98283,71,5
3020,71,29
6192,71,4
36841,71,2
3665,71,6
36806,71,2
6014b,71,117
3794b,71,4
44809,71,6
10052,71,2
56145,71,15
93606,71,4
44728,71,1
15535,71,3
2921,71,2
64567,71,5
42003,71,8
32034,71,5
63864,71,21
16968,71,2
6553,71,4
2853,71,6
15207,71,5
88072,71,3
3941,71,4
32316,71,18
6183,71,1
4733,71,2
30191,71,1
4740,71,2
2540,71,6
22886,71,1
95654,71,1
32494,71,5
32054,71,12
2420,71,8
6179,71,5
58123a,71,2
60219,71,1
18654,71,52
32333,71,2
3938,71,2
32557,71,12
30663,71,1
3731,71,1
32073,71,82
14682,71,4
93274,71,2
32138,71,4
41529,71,1
51858,71,1
2419,71,3
32000,71,7
24246,71,2
32039,71,10
11211,71,7
18677,71,2
11055,71,4
61483,71,2
11950,71,2
74967,71,10
11477,71,6
3795,71,8
44568,71,4
4345b,71,4
18738,71,3
4865b,71,1
3022,71,18
3666,71,21
92582,71,4
92438,71,1
3024,71,20
48336,71,12
4216,71,4
3829c01,71,2
18980,71,3
30386,71,1
98549,71,1
98397,71,2
3004,71,11
11478,71,12
3673,71,34
32803,71,3
3028,71,13
3069b,71,34
99499,71,2
50663pat0002,71,1
32123b,71,37
3010,71,9
26601,71,4
92907,71,10
3956,71,1
14720,71,5
6141,71,28
30592,71,1
87552,71,3
61482,71,12
18671,71,2
3747a,71,1
32125,71,1
3005,71,4
6232,71,2
44567a,71,7
3030,71,3
4185,71,7
99206,71,17
3007,71,2
3029,71,1
32016,71,2
59443,71,7
63869,71,12
3660,71,19
3456,71,1
48989,71,47
30503,71,1
92593,71,17
6134,71,13
44300,71,4
60470b,71,22
99781,71,24
32184,71,28
88646,71,3
30526,71,3
26599,71,1
32348,71,6
4519,71,83
94925,71,14
3040bpr0003,71,3
20952pr0048,71,1
44294,71,12
16091,71,7
3623,71,5
32524,71,29
4070,71,13
3031,71,5
2736,71,27
3701,71,2
11215,71,10
98100,71,7
10201,71,6
33299a,71,8
87079,71,36
87994,71,2
30387,71,1
87913,71,1
40490,71,19
44225,71,2
64799,71,2
57585,71,2
92410,71,1
3957a,71,2
3679,71,14
43722,71,4
32028,71,47
64644,71,5
2458,71,1
30356,71,1
14418,71,14
6636,71,19
57028c01,71,1
6187,71,1
4151b,71,1
87609,71,1
973pr2084c01,71,1
60481,71,5
93273,71,1
85984,71,10
3003,71,9
64228,71,1
60485,71,14
4274,71,103
3032,71,13
2432,71,10
62462,71,23
6632,71,1
47457,71,7
2460,71,5
4595,71,3
12825,71,2
11153,71,1
54384,71,5
23443,71,4
15100,71,2
11212,71,8
15403,71,2
87618,71,4
23969,71,12
64394,71,1
13971,71,11
76138,71,2
89801,71,1
30136,71,3
11610,71,4
6140,71,2
98286,71,3
60477,71,2
2852,71,16
3713,71,36
6564,71,1
2454b,71,2
3960,71,1
98263,71,3
64782,71,3
32828,71,12
99207,71,20
42446,71,2
15712,71,14
63868,71,7
30367c,71,1
99780,71,11
32017,71,1
32140,71,24
30553,71,2
3001,71,7
4477,71,7
64227,71,1
3070bpr0166,71,2
93059,71,1
6231,71,4
48729b,71,11
4870,71,10
30237b,71,4
6536,71,15
4697b,71,16
24201,71,11
14704,71,28
54200,71,61
55981,71,24
16511,71,1
3068b,71,35
87082,71,13
99009,71,3
30586,71,2
10247,71,1
3036,71,8
3023,71,51
41678,71,8
3900,71,1
3460,71,5
50950,71,6
13731,71,2
50862,71,2
87544,71,1
3070b,71,19
3937,71,4
92950,71,2
98560,71,2
64179,71,6
32063,71,4
32068,71,4
298c02,71,11
973pr2334c01,71,1
61184,71,2
60169,71,1
18455,71,1
43719,71,1
88393,71,6
10202,71,2
32525,71,6
15573,71,40
30414,71,3
60599,71,1
4600,71,8
44301a,71,2
2415,71,4
4282,71,18
3298,71,2
2357,71,2
73983,71,1
86208,71,2
34103,71,1
2585,71,2
30249,71,2
32291,71,3
2456,71,4
99563,71,1
60478,71,12
2654,71,10
4533,71,4
2476a,71,4
3068bpr0281,71,1
3070bpr0007,71,2
26047,71,2
24116,71,5
3039,71,1
3839b,71,6
41769,71,1
6157,71,13
973pr4454c01,71,1
6249,71,4
3021,71,22
98280,71,1
970c00,71,6
43121,71,2
3176,71,5
54383,71,5
4081b,71,31
64680,71,1
60475b,71,9
11295,72,1
24201,72,3
53403,72,2
3703,72,4
2654,72,13
41769,72,1
30377,72,8
23949,72,4
24307,72,1
43723,72,2
19798,72,2
64867,72,3
60478,72,13
3710,72,39
87620,72,2
2458,72,2
3039,72,1
48723,72,2
4282,72,3
50304,72,1
3622,72,2
52037,72,2
14395,72,2
3460,72,9
3831,72,3
3036,72,2
98282,72,12
30395,72,7
32012,72,1
3709,72,1
11214,72,43
14419,72,6
4865a,72,1
18975,72,1
6249,72,4
4349,72,1
87079,72,1
61252,72,6
60484,72,6
15540,72,4
53401,72,20
16577,72,1
3028,72,3
3009,72,4
3228c,72,8
3034,72,16
42446,72,4
30565,72,4
973pr4426c01,72,3
90398,72,3
2454a,72,1
3003,72,9
60208,72,2
60581pr0003,72,1
3068b,72,16
22961,72,2
64391,72,1
15706,72,4
3839b,72,5
99012,72,14
3046a,72,7
43713,72,3
6091,72,2
6536,72,2
38317,72,1
41539,72,1
3031,72,4
41677,72,4
60481,72,12
14520,72,4
29120,72,4
60479,72,6
3062bpr0013,72,1
30091,72,2
32000,72,2
95344,72,2
30194,72,4
13793,72,2
32013,72,2
50305,72,1
219,72,22
41740,72,2
55013,72,29
3037,72,4
60474,72,1
50950,72,4
53406,72,2
10247,72,2
3245c,72,9
14518,72,1
54383,72,1
44301a,72,2
3837,72,5
32524,72,3
4460b,72,1
3020,72,37
28192,72,4
18942,72,2
59230,72,2
10197,72,4
60219,72,11
4733,72,2
50745,72,8
87611,72,3
15672,72,2
3001,72,25
43898,72,1
43719,72,2
92438,72,2
92909,72,4
64448,72,2
3938,72,3
22890,72,12
3700,72,3
64711,72,4
24116,72,5
40144,72,1
87083,72,62
3176,72,7
24482,72,4
4623,72,1
6222,72,4
32525,72,26
27940,72,8
3032,72,6
60897,72,13
3010,72,13
18674,72,6
37597c150,72,1
14417,72,26
92593,72,9
44336pr04,72,1
4854,72,1
30526,72,1
3666,72,24
30031,72,14
99780,72,24
2456,72,1
2431pr0028,72,1
3005,72,6
3070b,72,13
52501,72,7
47397,72,2
4085c,72,2
46667,72,3
27938,72,4
87587pr0001,72,1
15625,72,6
47543,72,1
47398,72,2
15458,72,25
10928,72,9
41770,72,1
29119,72,4
3068bpr0136,72,1
13349,72,2
15535pr0001,72,2
72454,72,3
11203,72,7
32039,72,2
30162,72,3
2460,72,5
41678,72,2
59900,72,17
2340,72,1
2432,72,9
30376,72,1
3623,72,14
3795,72,18
35563,72,2
4032a,72,6
64683,72,1
93571,72,1
15400,72,2
6636,72,11
2419,72,1
63864,72,19
2357,72,7
32449,72,4
63965,72,1
98313,72,1
6063,72,2
48169,72,3
93274,72,10
24505,72,7
6179,72,2
24299,72,1
970x194pr1578,72,1
32034,72,7
41334,72,3
32316,72,17
4742,72,1
11946,72,1
30552,72,2
89523,72,1
4590,72,6
30165,72,5
2540,72,5
30000,72,7
52036,72,7
15573,72,6
3045,72,2
2462,72,2
59443,72,27
85984pr0143,72,7
18671,72,4
32294,72,4
32018,72,4
3035,72,2
30228,72,1
87580,72,14
13564,72,3
973pr4458c01,72,1
44343pr03,72,1
61183,72,1
3022,72,25
3030,72,5
85943,72,10
30414,72,1
42003,72,12
23422,72,1
4070a,72,2
57515,72,4
2877,72,15
30157,72,8
47759,72,1
62821,72,4
3665,72,18
15207,72,3
87609,72,1
3069bpr0030,72,1
3660,72,9
47905,72,2
43722,72,2
57796,72,1
3841,72,3
54384,72,1
3937,72,6
15624,72,2
4081b,72,1
11477,72,18
4477,72,16
63868,72,9
30553,72,1
4070,72,7
64449,72,4
12799,72,1
3069b,72,14
3040b,72,23
92711,72,1
64022,72,16
6117,72,1
44676,72,4
30350b,72,2
2450,72,2
3678b,72,6
88072,72,6
970c00,72,6
40490,72,17
6541,72,2
51739,72,3
4865b,72,5
59426,72,23
74261,72,2
11399,72,1
3942c,72,3
61409,72,9
73983,72,2
18947,72,2
3004,72,7
30248,72,2
3002,72,2
60483,72,25
3464,72,2
48729b,72,18
18352,72,1
30592,72,3
35480,72,1
60475b,72,3
11153,72,4
6231,72,4
91988,72,1
45707b,72,1
3062b,72,12
970c00pr0003,72,1
17114,72,1
47457,72,5
32278,72,35
30359b,72,4
6158,72,9
32523,72,23
85984pr0002,72,3
47847,72,2
44728,72,6
62531,72,1
11458,72,10
3738,72,1
6141,72,38
90541,72,2
18897,72,3
50943,72,4
3023,72,33
32140,72,14
91405,72,7
61780,72,1
30383,72,4
44224,72,2
90194,72,1
32028,72,17
2431,72,11
30375,72,1
54200,72,31
86208,72,3
15712,72,23
11947,72,1
60594,72,1
53400,72,24
3033,72,1
92906,72,3
99774,72,2
44302a,72,3
32009,72,10
99021,72,3
4740,72,3
32064a,72,4
93273,72,14
3701,72,2
64782,72,1
44567a,72,4
3021,72,10
4871,72,2
11212,72,5
85861,72,3
15210,72,2
32271,72,4
60581,72,1
18654,72,56
98283,72,13
3832,72,6
87087,72,5
3830,72,3
62113,72,2
4162,72,4
11090,72,5
47755,72,1
4175,72,2
15392,72,10
92099,72,1
14769,72,8
2412b,72,30
3659,72,1
85984,72,3
92946,72,10
2445,72,4
15535,72,11
3958,72,4
2639,72,1
3038,72,4
15625pr0008,72,1
22889,72,2
973pr4457c01,72,1
41239,72,6
3941,72,5
13547,72,4
32014,72,4
3024,72,14
92338,72,5
98560,72,14
973pr9937c01,73,1
3022,73,1
973pr4206c01,73,1
3020,73,2
973pr1800c01,73,1
973pr3360c01,73,2
4590,73,2
973pr2190c01,73,1
973pr1244c01,73,1
970c00,73,5
11816pr0003,78,1
3626cpr1363,78,1
98138,78,1
3626cpr9929,78,2
92456c01pr0239,78,1
3626cpr3037,78,1
92456c01pr0097,78,1
3626cpr2782,78,1
3626cpr2777,78,1
3626cpr2705,78,1
3626cpr2708,78,1
3626cpr2682,78,1
3626cpr2695,78,2
92815c01pr0102,78,1
3626cpr2715,78,1
3626cpr9925,78,1
3626cpr2667,78,2
3626cpr2668,78,2
11816pr0022,78,1
3626cpr2709,78,1
3626cpr2501,78,1
3626cpr1149,78,4
3626cpr2376,78,1
3626cpr3038,78,1
11818pr0101,78,1
3626cpr2615,78,1
2412b,80,5
64567,80,4
38628,84,1
11816pr0009,84,1
92586pr0001,84,1
14769,84,1
30150,84,1
3901,84,1
3009,84,2
98138pr0018,84,10
4739a,84,1
4738a,84,1
2921,84,2
3937,84,6
3005,84,21
93568pat0002,84,1
10169,84,2
11816pr0001,84,1
30136,84,6
38630,84,1
3023,84,3
39772pr0002,84,1
98138,84,3
15533,84,2
98283,84,21
87990,84,2
upn0014,84,1
40243,84,8
11833,84,2
88292,84,4
92816c02pr0103,84,1
92456c02pr0096,84,1
973pr4288c01,84,1
20310,84,2
75937,84,2
62810,84,2
2431,85,4
2412b,85,4
3023,85,16
87580,85,3
3004,85,2
3034,85,2
3062b,85,11
4032a,85,6
35836pr0001,85,1
3001,85,2
2432,85,1
3176,85,2
6141,85,13
3666,85,8
14769,85,4
11640pr0002,85,1
2450,85,1
92820pr0006c01a,85,1
3069b,85,6
3021,85,5
3660,85,2
54200,85,2
30363,85,2
3623,85,1
3941,85,3
21008pr0002,85,1
3626cpr1942,92,1
11256,92,1
92456c03pr0269,92,1
11816pr0138,92,1
93247,134,1
41202,134,1
91884,134,1
41669,143,2
37776,148,1
53454,148,2
98374,148,1
2570,148,2
64567,148,7
41162,148,2
98137,148,1
98139,148,2
93789,148,1
25214,148,6
23983,148,3
49668,179,2
64648,179,4
604552,179,1
98375,179,2
61072,179,5
4495b,179,2
78c06,179,1
2412b,179,21
50943,179,1
50859b,179,1
53586,179,4
92738,179,1
18654,179,6
78c02,179,3
93594,179,10
3626cpr2938,179,1
21459,179,10
4528,179,1
604547,179,1
10187,179,3
18920,179,2
6256,179,2
98138pr0071,179,2
604548,179,1
89522,179,2
4006,179,1
62462,179,4
25111,179,1
98138pr0012,179,5
59900,179,4
39802,179,1
604615,179,1
604553,179,1
604614,179,1
27965,179,14
92220,179,4
98138pr0035,179,2
29109,179,6
98138,179,4
75937,179,2
6141,179,9
41530,179,2
41163pat0002,179,1
604549,179,1
93555,179,5
78c11,179,3
98138pr0047,179,8
30367cpr1001,179,1
18041,179,4
604551,179,1
604550,179,1
98138pr0024,179,4
49668,182,2
59900,182,4
23447,182,4
3070b,182,3
15303,182,3
54200,182,6
24130,182,1
98138,182,80
3024,182,49
64647,182,7
85861,182,12
6126b,182,17
37775,182,7
6141,182,59
2654,182,1
58176,182,13
3023,182,14
3069b,182,10
2357,191,2
3069b,191,6
97790,191,1
3024,191,8
97784,191,3
64225,191,4
3021,191,1
15068,191,1
97793,191,1
11609,191,9
43722,191,4
97787,191,1
90194,191,1
6636,191,9
6254,191,3
3070b,191,8
97781,191,3
54200,191,2
33291,191,29
3666,191,5
3023,191,6
97785,191,1
3004,191,2
44728,191,2
11477,191,7
63864,191,2
3710,191,6
93095,191,4
15068pr9999,191,1
3176,191,2
15672,191,2
3001,191,3
3623,191,2
6091,191,2
2431,191,6
3040b,191,2
3960,191,2
43723,191,5
3022,191,1
24201,191,2
49668,191,3
97783,191,3
13731,191,2
2453b,191,2
32474,191,1
97782,191,3
87079,191,3
3020,191,4
2340,191,2
3068b,191,6
85984,191,16
50373,191,1
97791,191,1
87989,212,2
973pr3688c01,212,1
973pr3208c01,212,2
973pr3215c01,212,1
973pr3627,212,2
973pr3214c01,212,1
3004,226,4
3069b,226,2
59363,226,1
87990,226,1
92820pr0152c03,226,1
3003,226,2
92081,226,1
6636,272,2
3032,272,3
18671,272,1
3004,272,20
973pr3568c01,272,1
93606,272,2
973pr2037c01,272,1
3020,272,2
91988,272,6
41770,272,1
33909,272,1
3710,272,8
50745,272,2
3068b,272,3
2454a,272,10
87611,272,1
54200,272,3
970c00,272,23
2431,272,1
52031,272,1
3034,272,4
973pr1163c01,272,1
3010,272,16
60219,272,1
3941,272,1
3795,272,1
44728,272,4
87580,272,1
30165,272,4
3024,272,3
973pr3694,272,1
87079,272,4
3021,272,1
3039,272,9
2412b,272,6
3037,272,10
41769,272,1
60623,272,1
970x135pr1132,272,1
3660,272,1
973pr1166c01,272,1
15530pr0001,272,1
3005,272,1
11153,272,2
3040b,272,2
3069b,272,7
4162,272,1
3665,272,8
33243,272,2
3068bpr0399,272,1
3666,272,1
6111,272,2
973pr1164c01,272,1
11303,272,6
3022,272,2
16925pr0001b,272,1
973pr4912c01,272,1
3626cpr2600,272,1
3023,272,8
3038,272,20
87616,272,1
93273,272,2
60608,272,4
93352,308,1
40244,308,1
3024,308,2
973pr4769c01,308,1
970c00,308,1
3710,308,4
36752a,308,4
99021,308,2
64644,308,1
3795,308,4
3659,308,2
41879a,308,1
30137,308,2
87990,308,1
30136,308,21
3023,308,6
970c00pr1735,308,1
3062b,308,3
88286,308,1
3040b,308,2
38974,308,1
60481,308,4
970c00pr0632,308,2
38800,308,1
15307pr0001,308,2
62696,308,1
3460,308,5
92083,308,1
30837,308,1
37784,308,1
973c63,308,2
62810,308,2
64567,308,2
93273,320,1
15712,320,6
3624,320,2
2654,320,1
3062b,320,1
60474,320,2
3004,320,4
6091,320,6
3795,320,3
3678b,320,2
54200,320,11
3068bpr0396,320,1
11477,320,2
4286,320,2
3024,320,6
30237b,320,2
47456,320,2
32803,320,2
3623,320,2
3040b,320,3
85861,320,6
2450,320,2
4216,320,8
3666,320,5
3068b,320,1
973pr4526c01,320,1
87580,320,5
3700,320,2
13731,320,2
50950,320,2
2412b,320,7
3022,320,5
973pr3840c01,320,1
3023,320,9
2420,320,2
973pr4911c01,320,1
3009,320,1
3685,320,2
3020,320,2
40925pat0005,320,1
52031,320,3
98560,320,1
3070b,320,6
15207,320,2
6636,320,2
11303,320,1
970c00pr1599,320,1
970x026pr0008,320,1
3710,320,7
2431,320,3
15573,320,10
3001,320,2
98138,320,3
973pr4456c01,320,2
85975,320,1
970c00pr1613,320,1
970c00pr1581,320,2
3176,320,1
3069b,320,8
3003,320,3
3037,320,1
3004,321,25
11947,321,3
2412b,321,1
24118,321,1
32531,321,5
3024,321,24
48170,321,2
44375b,321,4
3710,321,2
3021,321,9
32316,321,14
42531,321,4
64680,321,3
4477,321,2
3069b,321,1
3023,321,25
50950,321,4
87580,321,4
32140,321,8
11477,321,20
970c00,321,1
3795,321,4
2730,321,2
32526,321,10
973pr4300c01,321,1
46303,321,1
87086,321,3
64394,321,3
973pr4507c01,321,1
41747,321,1
32524,321,5
64683,321,2
24119,321,1
6091,321,4
11946,321,3
18944,321,7
41748,321,1
15458,321,3
93606,321,3
93606pr0003,321,1
2446,321,1
64681,321,2
87087,321,4
40490,321,4
3001,321,2
41749,321,1
64393,321,2
42003,321,7
3660,321,10
92593,321,4
41750,321,1
3623,321,4
64782,321,1
973pr3431c01,321,1
64391,321,2
973pr0817c01,321,1
20482,321,4
87080,321,3
62531,321,5
11476,321,1
3176,322,3
3070b,322,4
87079,322,2
4865b,322,5
3024,322,3
47457,322,2
3069b,322,8
54200,322,3
3666,322,4
3010,322,8
3004,322,7
11213,322,1
3068b,322,6
3710,322,2
88289,322,1
3023,322,3
2431,322,2
3020,322,2
3032,322,3
3021,322,1
50950,322,2
93095,322,4
3795,322,1
18674,322,3
4032a,322,2
15068,322,4
87580,322,3
6141,322,3
3009,322,2
2817,322,1
6091,322,6
4719,322,1
973pr3389c01,326,2
973pr3390c01,326,1
973pr3388c01,326,3
973pr2692c01,326,2
970c00pr1057,326,3
11010,334,3
3070b,378,2
24307,378,4
90540,378,3
3023,378,3
15712,378,4
16925pr0117c01,379,1
970c00,379,10
51739,379,1
57051,383,10
42876,484,4
33057,484,4
3062b,484,4
970c00,484,1
62810,484,1
973pr4307c01,484,1
62696,484,1
33125,484,3
87926,484,6
18909,484,2
3024,484,3
30136,484,12
973pr3752c01,484,1
20877,484,1
15573,484,2
3040b,484,4
3004,484,8
92746,484,2
3710,484,6
98585,484,2
970c00pr1310,484,2
88283,484,4
17346,484,1
33048,484,1
973pr3781c01,484,1
50663pat0001,297,1
18041,297,7
37341e,297,4
973pr4504c01,297,1
25375,297,3
37341a,297,4
3024,297,17
99563,297,5
48336,297,6
3626c,297,1
35685pr0002,297,1
970c00,297,1
14769pr0015,297,1
970c00pr9918,297,1
973c38,297,1
87580,297,6
4185,297,4
64567,297,5
89159,297,2
33291,297,5
40925pat0006,297,1
40934pr0001,297,1
6141,297,66
98139,297,4
59900,297,15
15571,297,3
15712,297,4
11438,297,1
2412b,297,14
85861,297,28
87994,297,10
3062b,297,4
32932,297,2
61252,297,4
20482,297,4
92585,297,1
98128,297,1
85975,297,1
10172,297,1
15573,297,9
98138,297,4
89522,297,2
50862,297,8
55981,297,4
15070,297,10
3626cpr2749,297,1
4495b,297,1
41179,297,2
36017,297,2
95344,297,8
30367c,297,1
41163pat0001,297,1
14769,297,2
11609,297,9
37,297,2
63965,297,1
3069b,297,2
15208,297,4
92947,297,2
21229,297,2
21459,297,10
14769pr1020,297,1
3834,297,1
47457,297,3
98137,297,6
98313,297,11
37341b,297,4
13770,297,2
64644,297,9
11437,297,1
40933pr0001,297,1
44674,297,2
2343,297,7
25111,297,1
37341c,297,4
37341d,297,4
11090,297,1
15442,297,1
90398,297,2
98393c,323,1
3032,323,2
85984,323,2
98393g,323,1
98393f,323,1
92818pr0006c01,323,1
2453b,323,12
3004,323,4
87087,323,2
98393d,323,1
98393j,323,1
3069bpr0158,323,1
98393b,323,1
98393i,323,1
98393h,323,1
98393a,323,1
52031,323,1
18855,323,1
98393e,323,1
3626c,42,1
30222,42,1
4740,42,2
30153,42,1
6141,42,6
11477,30,2
3024,30,3
3023,30,4
3040b,30,4
3001,30,2
41879a,30,3
3460,30,10
3710,30,4
18822,30,1
3020,30,4
3665,30,4
11833,30,2
4162,30,11
973pr3017c01,29,1
27150,29,1
3023,29,1
3003,29,2
6141,29,6
98138pr0017,29,1
11203,29,2
3040b,29,4
3001,29,2
15470,29,10
54200,29,3
3626cpr2747,52,1
59900,52,1
98138,52,1
30153,52,2
19859pat0007,52,1
18854,52,1
3004,158,4
24061pr0002,158,1
60474,28,2
3022,28,3
4865b,28,1
3710,28,3
3003,28,1
3020,28,7
87580,28,1
6587,28,9
92099,28,2
3034,28,2
2476a,28,1
60483,28,2
3024,28,3
36752a,28,6
52107,28,3
11303,28,3
60581pr0005,28,1
3023,28,14
92593,28,2
92107,28,2
6003,28,5
41879a,28,2
38635,28,1
973pr3989c01,28,1
3795,28,2
3665,28,6
54200,28,11
60596,28,1
973pr4370c01,28,1
25972,28,1
92590,28,3
3021,28,2
970c00pr1376,28,1
15082,28,2
970c00,28,1
3958,28,1
6106,28,1
3005,28,2
60752,28,1
15462,28,1
18674,28,1
2419,28,4
51739,28,1
3004,28,2
4740,28,2
95344,28,4
35494,28,1
30350b,41,2
57783,41,3
11289,41,4
4533,41,3
57895,41,7
30090,41,4
2654,41,3
4218,41,20
23969,41,4
85941,41,4
3062b,41,11
87552,41,21
59349,41,15
17457,41,1
60616a,41,1
87612,41,2
4865b,41,2
30374,41,3
54200,41,5
3941,41,2
15745,41,1
3070b,41,2
4740,41,1
64453,41,1
6126a,41,2
3023,41,6
4183,41,2
72475,41,1
43898,41,3
92583,41,2
3005,41,4
46212,41,8
6141,41,38
2437,41,1
60616b,41,1
23860,41,6
59900,41,2
60601,41,4
87752,41,1
22388,41,3
4865a,41,2
11297,41,1
4176,41,4
3024,41,8
47847,41,1
6126b,41,1
3062b,57,2
64647,57,1
24324,70,2
6636,70,11
3460,70,5
36752a,70,8
54200,70,8
3832,70,1
30396,70,2
4162,70,4
15462,70,25
2412b,70,3
33303,70,1
14769pr1054,70,2
10201,70,2
3070b,70,2
98138pr0048,70,3
3069bpr0168,70,2
4032a,70,8
4070,70,2
4449,70,1
87079pr0123,70,2
3024,70,11
3836,70,3
13965,70,4
33291,70,1
3004,70,8
63965,70,1
4739a,70,1
41201pat0001,70,1
3626c,70,1
94161,70,1
3032,70,6
87990,70,5
24316,70,37
6266,70,2
3747b,70,1
64452pr0001,70,1
20310,70,2
60599,70,2
59900,70,6
63868,70,8
3020,70,7
2921,70,5
3678b,70,2
98385,70,1
87087,70,3
21301,70,1
87601,70,2
4740,70,1
14769,70,1
32028,70,6
3039,70,1
11090,70,4
15706,70,1
3021,70,2
2445,70,1
26047,70,3
85861,70,2
3010,70,4
3069b,70,20
3623,70,3
30386,70,1
2431pr0098,70,1
60592,70,40
11477,70,5
4332,70,1
92256,70,1
3008,70,3
92081,70,1
15470,70,6
3001,70,2
24093,70,2
30374,70,12
60478,70,2
3068b,70,1
3034,70,3
3003,70,2
3023,70,13
3062b,70,13
61780,70,3
3022,70,2
3002,70,3
13564,70,7
4738a,70,1
18674,70,2
30350b,70,1
2431pr0099,70,1
60897,70,5
3005,70,6
93273,70,1
6141,70,36
30136,70,8
35620,70,1
62462,70,2
20482,70,2
85984,70,1
2456,70,1
32000,70,1
4733,70,7
4477,70,2
3031,70,1
3941,70,35
3957b,70,1
22385,70,1
3710,70,13
4624,70,5
30357,70,1
37697,70,2
59363,70,2
30044,70,2
87994,70,2
60212,70,1
87585,70,2
98284,70,2
4079b,70,6
15573,70,10
33183,70,12
15712,70,6
33909,70,2
15392,70,6
93598pr0011,70,1
93590,70,1
3795,70,2
970c00,70,1
2432,70,1
54200,288,23
3004,288,2
973pr4216c01,288,1
970c00pr1479,288,1
43723,288,1
41769,288,4
11477,288,4
970c00,288,1
30093,288,1
18905pr0001,288,1
47755,288,1
3068bpr0397,288,1
3710,288,4
43722,288,1
3023,288,10
3040b,288,4
92013,288,4
970c00pr1577,288,2
15573,288,1
973pr4453c01,288,2
3068b,288,1
3010,288,2
3021,288,1
60478,288,3
50950,288,2
3020,288,1
18904,288,1
3001,288,2
18906,288,1
4032a,288,1
11153,31,4
3010,31,4
3022,31,2
88930,31,1
33291,31,13
31313stk01,9999,1
60128stk01,9999,1
29462,9999,1
38615,9999,1
57035,9999,1
34174,9999,1
25481,9999,1
60081stk01,9999,1
15114,9999,1
60117stk01,9999,1
60113stk01,9999,1
46333,9999,1
39803,9999,1
36173,9999,1
60100stk01,9999,2
24490,9999,1
37084,9999,1
47095,9999,1
26661,9999,1
24493,9999,1
42670,9999,2
19452,9999,1
14799,9999,1
29434,9999,1
24491,9999,1
30803,9999,1
20812,9999,1
25652,9999,1
30721,9999,1
30895,9999,1
29164,9999,1
33548,9999,1
13710,9999,1
36071,9999,1
29166,9999,1
39800,9999,1
29041,9999,1
29107,9999,1
13611,9999,1
37158,9999,1
51319,9999,1
46338,9999,1
29154,9999,1
24489,9999,1
29583,9999,1
24732,9999,1
15112,9999,1
24512,9999,1
46370,9999,1
24509,9999,1
28962,9999,1
32785,9999,1
